fiscal_year,debt_stock_bn,debt_service_bn,debt_to_gdp_pct,source_url
2013/14,2111.0,310.0,42.1,cbk.or.ke
2014/15,2560.0,365.0,44.5,cbk.or.ke
2015/16,3118.0,420.0,48.7,cbk.or.ke
2016/17,3708.0,490.0,50.3,cbk.or.ke
2017/18,4534.0,580.0,53.2,cbk.or.ke
2018/19,5374.0,680.0,56.1,cbk.or.ke
2019/20,6343.0,780.0,62.4,cbk.or.ke
2020/21,7281.0,870.0,67.8,cbk.or.ke
2021/22,8190.0,985.0,66.4,cbk.or.ke
2022/23,9381.0,1140.0,68.5,cbk.or.ke
2023/24,10550.0,1350.0,70.2,cbk.or.ke
