fiscal_year,revenue_target_bn,revenue_actual_bn,source_url
2013/14,1015.6,963.8,kra.go.ke
2014/15,1127.9,1050.4,kra.go.ke
2015/16,1255.0,1151.3,kra.go.ke
2016/17,1411.5,1365.0,kra.go.ke
2017/18,1566.4,1435.4,kra.go.ke
2018/19,1677.7,1580.3,kra.go.ke
2019/20,1819.5,1573.5,kra.go.ke
2020/21,1651.5,1669.4,kra.go.ke
2021/22,1882.4,1912.9,kra.go.ke
2022/23,2166.4,2166.0,kra.go.ke
2023/24,2495.8,2397.8,kra.go.ke
